{"eval/loss": 0.06985998898744583, "eval/f1": 0.8188269404820069, "eval/roc_auc": 0.9029430038296467, "eval/accuracy": 0.8188269404820069, "eval/runtime": 192.4366, "eval/samples_per_second": 1297.601, "eval/steps_per_second": 5.072, "train/global_step": 2097, "_timestamp": 1686214885.502146, "_runtime": 1213.0889220237732, "_step": 9, "train/loss": 0.0506, "train/learning_rate": 9.251311397234144e-07, "train/epoch": 3.0, "train/train_runtime": 1011.3398, "train/train_samples_per_second": 530.145, "train/train_steps_per_second": 2.073, "train/total_flos": 3.527132497761715e+16, "train/train_loss": 0.08468436467175718, "_wandb": {"runtime": 1212}}