{"eval/loss": 0.06464843451976776, "eval/f1": 0.8312095023747926, "eval/roc_auc": 0.9095765191293533, "eval/accuracy": 0.8312095023747927, "eval/runtime": 192.0692, "eval/samples_per_second": 1300.084, "eval/steps_per_second": 5.082, "train/global_step": 3495, "_timestamp": 1686233265.5611475, "_runtime": 1893.0461733341217, "_step": 13, "train/loss": 0.0349, "train/learning_rate": 2.8326180257510733e-06, "train/epoch": 5.0, "train/train_runtime": 1691.9662, "train/train_samples_per_second": 528.14, "train/train_steps_per_second": 2.066, "train/total_flos": 5.878554162936192e+16, "train/train_loss": 0.06316395924667773, "_wandb": {"runtime": 1892}}