{"eval/loss": 0.06829479336738586, "eval/f1": 0.8217383643164361, "eval/roc_auc": 0.9045026951695193, "eval/accuracy": 0.8217383643164361, "eval/runtime": 193.6813, "eval/samples_per_second": 1289.262, "eval/steps_per_second": 5.039, "train/global_step": 2097, "_timestamp": 1686230880.155182, "_runtime": 1230.0778889656067, "_step": 9, "train/loss": 0.0507, "train/learning_rate": 9.251311397234144e-07, "train/epoch": 3.0, "train/train_runtime": 1026.9772, "train/train_samples_per_second": 522.073, "train/train_steps_per_second": 2.042, "train/total_flos": 3.527132497761715e+16, "train/train_loss": 0.08553697315920064, "_wandb": {"runtime": 1229}}