{"eval/loss": 0.06423239409923553, "eval/f1": 0.8344493123913721, "eval/roc_auc": 0.911312131638235, "eval/accuracy": 0.8344493123913722, "eval/runtime": 193.2046, "eval/samples_per_second": 1292.443, "eval/steps_per_second": 5.052, "train/global_step": 3495, "_timestamp": 1689076550.037977, "_runtime": 1930.8433799743652, "_step": 13, "train/loss": 0.0334, "train/learning_rate": 2.8326180257510733e-06, "train/epoch": 5.0, "train/train_runtime": 1726.576, "train/train_samples_per_second": 517.553, "train/train_steps_per_second": 2.024, "train/total_flos": 5.878554162936192e+16, "train/train_loss": 0.06207413925803953, "_wandb": {"runtime": 1930}}